"line number","contest name","choice name","party name","total votes","percent of votes","registered voters","ballots cast","num County total","num County rptg","over votes","under votes"
1,"US Senator","Mitch McCONNELL","REP",806787,56.19,2584573,1459409,120,120,"0","0"
2,"US Senator","Alison Lundergan GRIMES","DEM",584698,40.72,2584573,1459409,120,120,"0","0"
3,"US Senator","David M. PATTERSON","LIB",44240,3.08,2584573,1459409,120,120,"0","0"
4,"US Representative, 1st Congressional District","Ed WHITFIELD","REP",173022,73.12,508564,253003,35,35,"0","0"
5,"US Representative, 1st Congressional District","Charles Kendall HATCHETT","DEM",63596,26.88,508564,253003,35,35,"0","0"
6,"US Representative, 2nd Congressional District","S. Brett GUTHRIE","REP",156936,69.19,550245,256972,21,21,"0","0"
7,"US Representative, 2nd Congressional District","Ron LEACH","DEM",69898,30.81,550245,256972,21,21,"0","0"
8,"US Representative, 3rd Congressional District","Michael MACFARLANE","REP",87981,35.57,0,250594,1,1,"0","0"
9,"US Representative, 3rd Congressional District","John A. YARMUTH","DEM",157056,63.49,0,250594,1,1,"0","0"
10,"US Representative, 3rd Congressional District","Gregory Peter PUCCETTI","",2318,0.94,0,250594,1,1,"0","0"
11,"US Representative, 4th Congressional District","Thomas MASSIE","REP",150464,67.73,541792,242144,20,20,"0","0"
12,"US Representative, 4th Congressional District","Peter NEWBERRY","DEM",71694,32.27,541792,242144,20,20,"0","0"
13,"US Representative, 5th Congressional District","Harold "Hal" ROGERS","REP",171350,78.25,550383,246481,30,30,"0","0"
14,"US Representative, 5th Congressional District","Kenneth S. STEPP","DEM",47617,21.75,550383,246481,30,30,"0","0"
15,"US Representative, 6th Congressional District","Andy BARR","REP",147404,59.99,541512,260653,19,19,"0","0"
16,"US Representative, 6th Congressional District","Elisabeth JENSEN","DEM",98290,40.01,541512,260653,19,19,"0","0"
17,"State Senator, 2nd Senatorial District","Danny CARROLL","REP",24752,58.46,85503,43415,4,4,"0","0"
18,"State Senator, 2nd Senatorial District","Jeff G. PARKER","DEM",17585,41.54,85503,43415,4,4,"0","0"
19,"State Senator, 4th Senatorial District","J. Dorsey RIDLEY","DEM",26811,100.00,76649,36331,6,6,"0","0"
20,"State Senator, 6th Senatorial District","C.B. EMBRY JR.","REP",21591,57.09,80962,39309,4,4,"0","0"
21,"State Senator, 6th Senatorial District","William M. COX JR.","DEM",16230,42.91,80962,39309,4,4,"0","0"
22,"State Senator, 8th Senatorial District","Joe BOWEN","REP",29140,100.00,82943,40633,3,3,"0","0"
23,"State Senator, 10th Senatorial District","Dennis L. PARRETT","DEM",23823,100.00,73587,34202,2,2,"0","0"
24,"State Senator, 12th Senatorial District","Alice Forgy KERR","REP",26458,62.93,208882,98497,1,1,"0","0"
25,"State Senator, 12th Senatorial District","Kathy Warnecke RYAN","DEM",15583,37.07,208882,98497,1,1,"0","0"
26,"State Senator, 14th Senatorial District","Jimmy HIGDON","REP",31413,100.00,67938,42152,5,5,"0","0"
27,"State Senator, 16th Senatorial District","George Maxwell "Max" WISE","REP",31918,100.00,82684,44265,7,7,"0","0"
28,"State Senator, 18th Senatorial District","Tony DOWNEY","REP",12817,37.31,85228,35918,3,3,"0","0"
29,"State Senator, 18th Senatorial District","Robin WEBB","DEM",21533,62.69,85228,35918,3,3,"0","0"
30,"State Senator, 20th Senatorial District","Paul R. HORNBACK","REP",29810,100.00,55543,41269,5,5,"0","0"
31,"State Senator, 22nd Senatorial District","Tom BUFORD","REP",28089,100.00,282545,134094,5,5,"0","0"
32,"State Senator, 24th Senatorial District","Wil SCHRODER","REP",21792,61.67,83300,37083,3,3,"0","0"
33,"State Senator, 24th Senatorial District","Jason Michael STEFFEN","DEM",13547,38.33,83300,37083,3,3,"0","0"
34,"State Senator, 26th Senatorial District","Ernie HARRIS","REP",34827,100.00,46071,50828,2,2,"0","0"
35,"State Senator, 28th Senatorial District","Ralph ALVARADO","REP",18636,52.81,255298,120134,3,3,"0","0"
36,"State Senator, 28th Senatorial District","R. J. PALMER II.","DEM",16656,47.19,255298,120134,3,3,"0","0"
37,"State Senator, 30th Senatorial District","Brandon D. SMITH","REP",27447,73.82,89427,42930,6,6,"0","0"
38,"State Senator, 30th Senatorial District","Jordan Bowling PALMER","DEM",9733,26.18,89427,42930,6,6,"0","0"
39,"State Senator, 32nd Senatorial District","Mike WILSON","REP",24666,100.00,74822,33494,1,1,"0","0"
40,"State Senator, 34th Senatorial District","Jared K. CARPENTER","REP",22932,64.65,279903,130612,3,3,"0","0"
41,"State Senator, 34th Senatorial District","Michael S. COPE","DEM",12540,35.35,279903,130612,3,3,"0","0"
42,"State Senator, 36th Senatorial District","Julie Raque ADAMS","REP",31623,66.39,0,50115,1,1,"0","0"
43,"State Senator, 36th Senatorial District","Siddique MALIK","DEM",16011,33.61,0,50115,1,1,"0","0"
44,"State Senator, 38th Senatorial District","Dan Malano SEUM","REP",26745,100.00,55370,38578,2,2,"0","0"
45,"State Representative, 1st Representative District","Steven Jack RUDY","REP",13017,100.00,70027,33882,5,5,"0","0"
46,"State Representative, 2nd Representative District","Richard HEATH","REP",9181,59.47,75394,37343,2,2,"0","0"
47,"State Representative, 2nd Representative District","Jesse WRIGHT","DEM",6258,40.53,75394,37343,2,2,"0","0"
48,"State Representative, 3rd Representative District","Randy BRIDGES","REP",6188,46.38,50861,24066,1,1,"0","0"
49,"State Representative, 3rd Representative District","Gerald WATKINS","DEM",7153,53.62,50861,24066,1,1,"0","0"
50,"State Representative, 4th Representative District","Lynn BECHLER","REP",8328,55.24,69850,27952,4,4,"0","0"
51,"State Representative, 4th Representative District","Jarrod H. JACKSON","DEM",6748,44.76,69850,27952,4,4,"0","0"
52,"State Representative, 5th Representative District","Kenny IMES","REP",12241,100.00,38696,17878,2,2,"0","0"
53,"State Representative, 6th Representative District","Keith TRAVIS","REP",7745,43.55,81509,41215,3,3,"0","0"
54,"State Representative, 6th Representative District","Will R. COURSEY","DEM",10041,56.45,81509,41215,3,3,"0","0"
55,"State Representative, 7th Representative District","Suzanne MILES","REP",8343,53.54,112545,52229,3,3,"0","0"
56,"State Representative, 7th Representative District","John WARREN","DEM",7241,46.46,112545,52229,3,3,"0","0"
57,"State Representative, 8th Representative District","John TILLEY","DEM",7400,100.00,56901,20814,2,2,"0","0"
58,"State Representative, 9th Representative District","Myron B. DOSSETT","REP",7770,100.00,78490,31622,2,2,"0","0"
59,"State Representative, 10th Representative District","Alan CLAYPOOL","REP",7002,46.37,94806,42066,3,3,"0","0"
60,"State Representative, 10th Representative District","Dean SCHAMORE","DEM",8099,53.63,94806,42066,3,3,"0","0"
61,"State Representative, 11th Representative District","Paul A. DeSPAIN","REP",4856,36.54,102350,47031,2,2,"0","0"
62,"State Representative, 11th Representative District","David A. WATKINS","DEM",8435,63.46,102350,47031,2,2,"0","0"
63,"State Representative, 12th Representative District","Dianne Burns MACKEY","REP",6320,40.04,118538,57560,4,4,"0","0"
64,"State Representative, 12th Representative District","Jim GOOCH JR.","DEM",9465,59.96,118538,57560,4,4,"0","0"
65,"State Representative, 13th Representative District","Alan BRADEN","REP",5708,47.72,69459,32966,1,1,"0","0"
66,"State Representative, 13th Representative District","Jim GLENN","DEM",6253,52.28,69459,32966,1,1,"0","0"
67,"State Representative, 14th Representative District","Marian TURLEY","REP",6315,38.23,86240,42133,2,2,"0","0"
68,"State Representative, 14th Representative District","Tommy THOMPSON","DEM",10202,61.77,86240,42133,2,2,"0","0"
69,"State Representative, 15th Representative District","Brent YONTS","DEM",10393,100.00,55071,25993,2,2,"0","0"
70,"State Representative, 16th Representative District","Martha Jane KING","DEM",6804,59.50,100125,45105,3,3,"0","0"
71,"State Representative, 16th Representative District","Jason PETRIE","IND",4632,40.50,100125,45105,3,3,"0","0"
72,"State Representative, 17th Representative District","Jim DeCESARE","REP",12105,100.00,83932,37643,2,2,"0","0"
73,"State Representative, 18th Representative District","Tim MOORE","REP",10636,100.00,91553,38938,2,2,"0","0"
74,"State Representative, 19th Representative District","Michael Lee MEREDITH","REP",8165,62.43,83660,37830,2,2,"0","0"
75,"State Representative, 19th Representative District","John Wayne SMITH","DEM",4914,37.57,83660,37830,2,2,"0","0"
76,"State Representative, 20th Representative District","Jenean M. HAMPTON","REP",3610,36.66,74822,33494,1,1,"0","0"
77,"State Representative, 20th Representative District","Jody RICHARDS","DEM",6237,63.34,74822,33494,1,1,"0","0"
78,"State Representative, 21st Representative District","Bart ROWLAND","REP",8613,57.40,102644,45876,4,4,"0","0"
79,"State Representative, 21st Representative District","Joe CHOATE","DEM",6391,42.60,102644,45876,4,4,"0","0"
80,"State Representative, 22nd Representative District","Wilson STONE","DEM",9893,100.00,87688,45121,3,3,"0","0"
81,"State Representative, 23rd Representative District","Jeff JOBE","REP",6310,45.68,104236,47720,2,2,"0","0"
82,"State Representative, 23rd Representative District","Johnny W. BELL","DEM",7504,54.32,104236,47720,2,2,"0","0"
83,"State Representative, 24th Representative District","J. Alex LaRUE","REP",6860,45.39,31540,15794,3,3,"0","0"
84,"State Representative, 24th Representative District","Terry MILLS","DEM",8254,54.61,31540,15794,3,3,"0","0"
85,"State Representative, 25th Representative District","Jim DuPLESSIS","REP",7058,50.89,73587,30896,1,1,"0","0"
86,"State Representative, 25th Representative District","Jimmie LEE","DEM",6810,49.11,73587,30896,1,1,"0","0"
87,"State Representative, 26th Representative District","Russell WEBBER","REP",6941,58.26,128957,55515,2,2,"0","0"
88,"State Representative, 26th Representative District","J. Scott WANTLAND","DEM",4972,41.74,128957,55515,2,2,"0","0"
89,"State Representative, 27th Representative District","Rachelle FRAZIER","REP",5346,43.18,93585,40269,2,2,"0","0"
90,"State Representative, 27th Representative District","Jeff GREER","DEM",7036,56.82,93585,40269,2,2,"0","0"
91,"State Representative, 28th Representative District","Charles W. MILLER","DEM",7941,100.00,0,11774,1,1,"0","0"
92,"State Representative, 29th Representative District","Kevin D. BRATCHER","REP",8892,52.48,0,17363,1,1,"0","0"
93,"State Representative, 29th Representative District","Dave STENGEL","DEM",8050,47.52,0,17363,1,1,"0","0"
94,"State Representative, 30th Representative District","Tom BURCH","DEM",9647,100.00,0,12206,1,1,"0","0"
95,"State Representative, 31st Representative District","Nicholas X. SIMON","REP",6037,39.32,0,16024,1,1,"0","0"
96,"State Representative, 31st Representative District","Steve RIGGS","DEM",9315,60.68,0,16024,1,1,"0","0"
97,"State Representative, 32nd Representative District","Phil MOFFETT","REP",9078,53.35,0,17837,1,1,"0","0"
98,"State Representative, 32nd Representative District","Ashley MILLER","DEM",7939,46.65,0,17837,1,1,"0","0"
99,"State Representative, 33rd Representative District","Ron CRIMM","REP",13751,100.00,46071,39986,2,2,"0","0"
100,"State Representative, 34th Representative District","Michael McNAIR","REP",6160,30.82,0,21097,1,1,"0","0"
101,"State Representative, 34th Representative District","Mary Lou MARZIAN","DEM",13830,69.18,0,21097,1,1,"0","0"
102,"State Representative, 35th Representative District","Carl NETT","REP",5566,41.70,0,13668,1,1,"0","0"
103,"State Representative, 35th Representative District","Jim WAYNE","DEM",7781,58.30,0,13668,1,1,"0","0"
104,"State Representative, 36th Representative District","Jerry T. MILLER","REP",13162,68.78,46071,42674,2,2,"0","0"
105,"State Representative, 36th Representative District","Debbie BARBER","DEM",5975,31.22,46071,42674,2,2,"0","0"
106,"State Representative, 37th Representative District","Jeffery M. DONOHUE","DEM",5355,100.00,0,9664,1,1,"0","0"
107,"State Representative, 38th Representative District","Denver "Denny" BUTLER","DEM",7320,100.00,0,10819,1,1,"0","0"
108,"State Representative, 39th Representative District","Jonah MITCHELL","REP",6246,44.35,244748,115822,2,2,"0","0"
109,"State Representative, 39th Representative District","Russ MEYER","DEM",7836,55.65,244748,115822,2,2,"0","0"
110,"State Representative, 40th Representative District","Ronald SEITER","REP",2679,26.51,0,10544,1,1,"0","0"
111,"State Representative, 40th Representative District","Dennis L. HORLANDER","DEM",7427,73.49,0,10544,1,1,"0","0"
112,"State Representative, 41st Representative District","Tom RINER","DEM",9583,100.00,0,12040,1,1,"0","0"
113,"State Representative, 42nd Representative District","James F. HOWLAND","REP",1558,12.12,0,13280,1,1,"0","0"
114,"State Representative, 42nd Representative District","Reginald K. MEEKS","DEM",11296,87.88,0,13280,1,1,"0","0"
115,"State Representative, 43rd Representative District","Corley EVERETT","REP",3367,25.45,0,13704,1,1,"0","0"
116,"State Representative, 43rd Representative District","Darryl T. OWENS","DEM",9864,74.55,0,13704,1,1,"0","0"
117,"State Representative, 44th Representative District","Joni JENKINS","DEM",9339,100.00,0,12459,1,1,"0","0"
118,"State Representative, 45th Representative District","Stan LEE","REP",13716,100.00,208882,98497,1,1,"0","0"
119,"State Representative, 46th Representative District","David RAINEY","REP",4454,34.96,0,12977,1,1,"0","0"
120,"State Representative, 46th Representative District","Larry CLARK","DEM",8288,65.04,0,12977,1,1,"0","0"
121,"State Representative, 47th Representative District","Rick W. RAND","DEM",11826,100.00,32341,15336,4,4,"0","0"
122,"State Representative, 48th Representative District","Bob M. DeWEESE","REP",11371,57.05,46071,42104,2,2,"0","0"
123,"State Representative, 48th Representative District","Gretchen HUNT","DEM",8562,42.95,46071,42104,2,2,"0","0"
124,"State Representative, 49th Representative District","Michael J. NEMES","REP",5938,47.08,55370,24619,1,1,"0","0"
125,"State Representative, 49th Representative District","Linda Howlett BELCHER","DEM",6675,52.92,55370,24619,1,1,"0","0"
126,"State Representative, 50th Representative District","David FLOYD","REP",7933,53.31,31220,15141,1,1,"0","0"
127,"State Representative, 50th Representative District","Audrey HAYDON","DEM",6947,46.69,31220,15141,1,1,"0","0"
128,"State Representative, 51st Representative District","John "Bam" CARNEY","REP",13537,100.00,30836,17262,2,2,"0","0"
129,"State Representative, 52nd Representative District","Ken UPCHURCH","REP",11023,100.00,71139,34352,3,3,"0","0"
130,"State Representative, 53rd Representative District","James A. TIPTON","REP",9836,57.43,85457,41106,3,3,"0","0"
131,"State Representative, 53rd Representative District","Kent STEVENS","DEM",7291,42.57,85457,41106,3,3,"0","0"
132,"State Representative, 54th Representative District","Mike HARMON","REP",10850,100.00,31526,14898,2,2,"0","0"
133,"State Representative, 55th Representative District","Kim KING","REP",11110,65.21,61310,30015,3,3,"0","0"
134,"State Representative, 55th Representative District","Jacqueline COLEMAN","DEM",5927,34.79,61310,30015,3,3,"0","0"
135,"State Representative, 56th Representative District","Ryan SCHWARTZ","REP",6498,40.20,263492,129026,3,3,"0","0"
136,"State Representative, 56th Representative District","James KAY","DEM",9668,59.80,263492,129026,3,3,"0","0"
137,"State Representative, 57th Representative District","Derrick W. GRAHAM","DEM",13384,100.00,35422,19973,1,1,"0","0"
138,"State Representative, 58th Representative District","Brad MONTELL","REP",11674,100.00,29419,15275,1,1,"0","0"
139,"State Representative, 59th Representative District","David W. OSBORNE","REP",12235,73.34,46071,23476,1,1,"0","0"
140,"State Representative, 59th Representative District","James Victor EWEN","DEM",4447,26.66,46071,23476,1,1,"0","0"
141,"State Representative, 60th Representative District","Sal SANTORO","REP",11506,100.00,91657,34490,1,1,"0","0"
142,"State Representative, 61st Representative District","Brian E. LINDER","REP",10931,100.00,263355,104955,4,4,"0","0"
143,"State Representative, 62nd Representative District","Ryan F. QUARLES","REP",9163,58.73,251939,119721,3,3,"0","0"
144,"State Representative, 62nd Representative District","Chuck TACKETT","DEM",6439,41.27,251939,119721,3,3,"0","0"
145,"State Representative, 63rd Representative District","Diane ST. ONGE","REP",12618,100.00,211630,81452,2,2,"0","0"
146,"State Representative, 64th Representative District","Thomas Robert KERR","REP",10670,100.00,186897,76992,2,2,"0","0"
147,"State Representative, 65th Representative District","Arnold R. SIMPSON","DEM",6209,100.00,119973,46962,1,1,"0","0"
148,"State Representative, 66th Representative District","Addia Kathryn WUCHNER","REP",11091,100.00,91657,34490,1,1,"0","0"
149,"State Representative, 67th Representative District","Dennis KEENE","DEM",7350,100.00,66924,30030,1,1,"0","0"
150,"State Representative, 68th Representative District","Joseph M. FISCHER","REP",12606,73.54,66924,30030,1,1,"0","0"
151,"State Representative, 68th Representative District","Shae HORNBACK","DEM",4535,26.46,66924,30030,1,1,"0","0"
152,"State Representative, 69th Representative District","Adam KOENIG","REP",8475,100.00,211630,81452,2,2,"0","0"
153,"State Representative, 70th Representative District","Mitchel B. "Mike" DENHAM","DEM",11362,100.00,30899,14251,4,4,"0","0"
154,"State Representative, 71st Representative District","Jonathan SHELL","REP",11915,100.00,83374,37697,3,3,"0","0"
155,"State Representative, 72nd Representative District","Dwaine CURRAN","REP",4794,35.15,237195,111544,4,4,"0","0"
156,"State Representative, 72nd Representative District","Sannie OVERLY","DEM",8846,64.85,237195,111544,4,4,"0","0"
157,"State Representative, 73rd Representative District","Donna MAYFIELD","REP",8590,60.30,85722,39745,2,2,"0","0"
158,"State Representative, 73rd Representative District","Bonnie R. HUMMEL","DEM",5656,39.70,85722,39745,2,2,"0","0"
159,"State Representative, 74th Representative District","David HALE","REP",8346,52.83,34609,16326,3,3,"0","0"
160,"State Representative, 74th Representative District","Richard HENDERSON","DEM",7453,47.17,34609,16326,3,3,"0","0"
161,"State Representative, 75th Representative District","Kelly FLOOD","DEM",8407,100.00,208882,98497,1,1,"0","0"
162,"State Representative, 76th Representative District","Richard MARRS","REP",5622,40.86,208882,98497,1,1,"0","0"
163,"State Representative, 76th Representative District","Ruth Ann PALUMBO","DEM",8138,59.14,208882,98497,1,1,"0","0"
164,"State Representative, 77th Representative District","George A. BROWN JR.","DEM",8749,100.00,208882,98497,1,1,"0","0"
165,"State Representative, 78th Representative District","Mark HART","REP",5550,45.99,58442,27429,3,3,"0","0"
166,"State Representative, 78th Representative District","Thomas M. MCKEE","DEM",6519,54.01,58442,27429,3,3,"0","0"
167,"State Representative, 79th Representative District","Ken KEARNS II.","REP",5321,38.57,208882,98497,1,1,"0","0"
168,"State Representative, 79th Representative District","Susan WESTROM","DEM",8473,61.43,208882,98497,1,1,"0","0"
169,"State Representative, 80th Representative District","David MEADE","REP",10057,100.00,63233,29061,2,2,"0","0"
170,"State Representative, 81st Representative District","C. Wesley MORGAN","REP",5167,41.39,59007,27155,1,1,"0","0"
171,"State Representative, 81st Representative District","Rita H. SMART","DEM",7318,58.61,59007,27155,1,1,"0","0"
172,"State Representative, 82nd Representative District","Regina Petrey BUNCH","REP",9544,100.00,70360,27290,2,2,"0","540"
173,"State Representative, 83rd Representative District","Jeff HOOVER","REP",13667,100.00,71975,36507,4,4,"0","0"
174,"State Representative, 84th Representative District","Fitz STEELE","DEM",11234,100.00,41212,19406,2,2,"0","0"
175,"State Representative, 85th Representative District","Tommy TURNER","REP",11601,100.00,89565,39403,2,2,"0","1080"
176,"State Representative, 86th Representative District","Jim STEWART","REP",11362,100.00,67547,28415,2,2,"0","0"
177,"State Representative, 87th Representative District","Rick NELSON","DEM",9742,100.00,40966,18247,2,2,"0","0"
178,"State Representative, 88th Representative District","Robert J. BENVENUTI III.","REP",11592,64.17,208882,98497,1,1,"0","0"
179,"State Representative, 88th Representative District","Creasa E. REED","DEM",6473,35.83,208882,98497,1,1,"0","0"
180,"State Representative, 89th Representative District","Marie L. RADER","REP",9677,70.16,112775,49402,3,3,"0","290"
181,"State Representative, 89th Representative District","Joey Jayson TAYLOR II.","DEM",4116,29.84,112775,49402,3,3,"0","290"
182,"State Representative, 90th Representative District","Tim COUCH","REP",10335,83.62,67452,28372,3,3,"0","0"
183,"State Representative, 90th Representative District","Darrell D. MILLS","IND",2024,16.38,67452,28372,3,3,"0","0"
184,"State Representative, 91st Representative District","Gary "Toby" HERALD","REP",6923,49.95,90060,41763,5,5,"0","0"
185,"State Representative, 91st Representative District","Cluster HOWARD","DEM",6937,50.05,90060,41763,5,5,"0","0"
186,"State Representative, 92nd Representative District","John W. SHORT","DEM",9477,100.00,70064,30395,3,3,"0","0"
187,"State Representative, 93rd Representative District","Chris HARRIS","DEM",8517,100.00,56428,23720,2,2,"0","0"
188,"State Representative, 94th Representative District","Leslie A. COMBS","DEM",10187,100.00,64545,27360,2,2,"0","0"
189,"State Representative, 95th Representative District","Gregory D. STUMBO","DEM",10602,100.00,78471,33128,2,2,"0","3653"
190,"State Representative, 96th Representative District","Jill YORK","REP",7541,55.73,31460,14346,2,2,"0","0"
191,"State Representative, 96th Representative District","Barry WEBB","DEM",5991,44.27,31460,14346,2,2,"0","0"
192,"State Representative, 97th Representative District","Bobby W. McCOOL","REP",5199,36.84,32227,15260,3,3,"0","302"
193,"State Representative, 97th Representative District","Hubert COLLINS","DEM",8915,63.16,32227,15260,3,3,"0","302"
194,"State Representative, 98th Representative District","Tanya PULLIN","DEM",9961,100.00,65820,26940,2,2,"0","0"
195,"State Representative, 99th Representative District","Rocky ADKINS","DEM",9572,100.00,29418,13326,3,3,"0","355"
196,"State Representative, 100th Representative District","Kevin P. SINNETTE","DEM",10072,100.00,37372,14898,1,1,"0","0"
197,"Justice of the Supreme Court, 1st Supreme Court District","Bill CUNNINGHAM","",109238,100.00,361313,176293,24,24,"0","0"
198,"Justice of the Supreme Court, 2nd Supreme Court District","John D. MINTON JR.","",121101,100.00,444783,203928,14,14,"0","0"
199,"Justice of the Supreme Court, 4th Supreme Court District","Lisabeth Hughes ABRAMSON","",142637,100.00,0,259804,1,1,"0","0"
200,"Justice of the Supreme Court, 6th Supreme Court District","Teresa L. CUNNINGHAM","",60553,41.57,502634,218169,21,21,"0","0"
201,"Justice of the Supreme Court, 6th Supreme Court District","Michelle M. KELLER","",85129,58.43,502634,218169,21,21,"0","0"
202,"Judge of the Court of Appeals, 1st Appellate District, 1st Division","Christopher Shea NICKELL","",102054,100.00,361313,176293,24,24,"0","0"
203,"Judge of the Court of Appeals, 1st Appellate District, 2nd Division","Donna L. DIXON","",100498,100.00,361313,176293,24,24,"0","0"
204,"Judge of the Court of Appeals, 2nd Appellate District, 1st Division","Jeff S. TAYLOR","",115411,100.00,444783,203928,14,14,"0","0"
205,"Judge of the Court of Appeals, 2nd Appellate District, 2nd Division","Kelly THOMPSON","",96420,69.99,444783,203928,14,14,"0","0"
206,"Judge of the Court of Appeals, 2nd Appellate District, 2nd Division","Mark H. FLENER","",41343,30.01,444783,203928,14,14,"0","0"
207,"Judge of the Court of Appeals, 3rd Appellate District, 1st Division","Michael O. CAPERTON","",65243,46.57,421937,199185,27,27,"0","0"
208,"Judge of the Court of Appeals, 3rd Appellate District, 1st Division","Debra Hembree LAMBERT","",74866,53.43,421937,199185,27,27,"0","0"
209,"Judge of the Court of Appeals, 3rd Appellate District, 2nd Division","James H. LAMBERT","",89803,69.99,421937,199185,27,27,"0","0"
210,"Judge of the Court of Appeals, 3rd Appellate District, 2nd Division","Paul F. HENDERSON","",38509,30.01,421937,199185,27,27,"0","0"
211,"Judge of the Court of Appeals, 4th Appellate District, 1st Division","Irv MAZE","",146704,100.00,0,259804,1,1,"0","0"
212,"Judge of the Court of Appeals, 4th Appellate District, 2nd Division","Stan WHETZEL","",45304,27.63,0,259804,1,1,"0","0"
213,"Judge of the Court of Appeals, 4th Appellate District, 2nd Division","Denise Guess CLAYTON","",118663,72.37,0,259804,1,1,"0","0"
214,"Judge of the Court of Appeals, 5th Appellate District, 1st Division","Larry VanMETER","",134621,100.00,488762,236568,11,11,"0","0"
215,"Judge of the Court of Appeals, 5th Appellate District, 2nd Division","Glenn ACREE","",127326,100.00,488762,236568,11,11,"0","0"
216,"Judge of the Court of Appeals, 6th Appellate District, 1st Division","Allison JONES","",90923,60.84,502634,218169,21,21,"0","0"
217,"Judge of the Court of Appeals, 6th Appellate District, 1st Division","Justin SANDERS","",58526,39.16,502634,218169,21,21,"0","0"
218,"Judge of the Court of Appeals, 6th Appellate District, 2nd Division","Joy A. MOORE","",124409,100.00,502634,218169,21,21,"0","0"
219,"Judge of the Court of Appeals, 7th Appellate District, 1st Division","Sara COMBS","",93649,100.00,365144,165462,22,22,"0","0"
220,"Judge of the Court of Appeals, 7th Appellate District, 2nd Division","W. Kent VARNEY","",43177,35.52,365144,165462,22,22,"0","0"
221,"Judge of the Court of Appeals, 7th Appellate District, 2nd Division","Janet L. STUMBO","",78386,64.48,365144,165462,22,22,"0","0"
222,"Circuit Judge, 1st Judicial Circuit","Tim A. LANGFORD","",6849,100.00,19166,9816,4,4,"0","0"
223,"Circuit Judge, 2nd Judicial Circuit, 1st Division","Tim KALTENBACH","",15658,100.00,50861,24066,1,1,"0","0"
224,"Circuit Judge, 2nd Judicial Circuit, 2nd Division","Craig Zeiss CLYMER","",15988,100.00,50861,24066,1,1,"0","0"
225,"Circuit Judge Family Court, 2nd Judicial Circuit, 3rd Division","Cynthia Ellen SANDERSON","",14785,100.00,50861,24066,1,1,"0","0"
226,"Circuit Judge, 3rd Judicial Circuit, 1st Division","Andrew C. SELF","",10928,100.00,45782,15467,1,1,"0","0"
227,"Circuit Judge, 3rd Judicial Circuit, 2nd Division","John L. ATKINS","",10533,100.00,45782,15467,1,1,"0","0"
228,"Circuit Judge Family Court, 3rd Judicial Circuit, 3rd Division","Jason Shea FLEMING","",10317,100.00,45782,15467,1,1,"0","0"
229,"Circuit Judge, 4th Judicial Circuit, 1st Division","James C. BRANTLEY","",10764,100.00,32708,16155,1,1,"0","0"
230,"Circuit Judge Family Court, 4th Judicial Circuit, 2nd Division","Susan Wesley McCLURE","",10264,100.00,32708,16155,1,1,"0","0"
231,"Circuit Judge, 5th Judicial Circuit, 1st Division","C. Rene' WILLIAMS","",9220,100.00,26244,13204,3,3,"0","0"
232,"Circuit Judge Family Court, 5th Judicial Circuit, 2nd Division","Brandi Hagan ROGERS","",6193,50.20,26244,13204,3,3,"0","0"
233,"Circuit Judge Family Court, 5th Judicial Circuit, 2nd Division","Ben LEONARD","",6143,49.80,26244,13204,3,3,"0","0"
234,"Circuit Judge, 6th Judicial Circuit, 1st Division","Jay A. WETHINGTON","",20066,100.00,69459,32966,1,1,"0","0"
235,"Circuit Judge, 6th Judicial Circuit, 2nd Division","Joe CASTLEN","",20831,100.00,69459,32966,1,1,"0","0"
236,"Circuit Judge, 7th Judicial Circuit","Tyler L. GILL","",8095,100.00,25303,11611,2,2,"0","0"
237,"Circuit Judge, 8th Judicial Circuit, 1st Division","Steve Alan WILSON","",22933,100.00,74822,33494,1,1,"0","0"
238,"Circuit Judge, 8th Judicial Circuit, 2nd Division","John GRISE","",22144,100.00,74822,33494,1,1,"0","0"
239,"Circuit Judge Family Court, 8th Judicial Circuit, 3rd Division","David LANPHEAR","",15330,52.40,74822,33494,1,1,"0","0"
240,"Circuit Judge Family Court, 8th Judicial Circuit, 3rd Division","Rebecca Adams SIMPSON","",13927,47.60,74822,33494,1,1,"0","0"
241,"Circuit Judge Family Court, 8th Judicial Circuit, 4th Division","Catherine R. HOLDERFIELD","",21648,100.00,74822,33494,1,1,"0","0"
242,"Circuit Judge Family Court, 9th Judicial Circuit, 1st Division","Pamela ADDINGTON","",13148,50.99,73587,30896,1,1,"0","0"
243,"Circuit Judge Family Court, 9th Judicial Circuit, 1st Division","Dawn Lonneman BLAIR","",12637,49.01,73587,30896,1,1,"0","0"
244,"Circuit Judge, 9th Judicial Circuit, 2nd Division","Ken M. HOWARD","",21396,100.00,73587,30896,1,1,"0","0"
245,"Circuit Judge, 9th Judicial Circuit, 3rd Division","Kelly Mark EASTON","",21380,100.00,73587,30896,1,1,"0","0"
246,"Circuit Judge Family Court, 9th Judicial Circuit, 4th Division","M. Brent HALL","",20989,100.00,73587,30896,1,1,"0","0"
247,"Circuit Judge, 10th Judicial Circuit, 1st Division","Charles C. SIMMS III.","",15399,100.00,54301,25853,3,3,"0","0"
248,"Circuit Judge, 10th Judicial Circuit, 2nd Division","John David "Jack" SEAY","",14971,100.00,54301,25853,3,3,"0","0"
249,"Circuit Judge, 11th Judicial Circuit, 1st Division","Samuel Todd SPALDING","",15343,100.00,47620,25489,4,4,"0","0"
250,"Circuit Judge, 11th Judicial Circuit, 2nd Division","Allan Ray BERTRAM","",15031,100.00,47620,25489,4,4,"0","0"
251,"Circuit Judge, 12th Judicial Circuit, 1st Division","Karen A. CONRAD","",18559,100.00,64475,32526,3,3,"0","0"
252,"Circuit Judge Family Court, 12th Judicial Circuit, 2nd Division","Timothy E. FEELEY","",14788,64.06,64475,32526,3,3,"0","0"
253,"Circuit Judge Family Court, 12th Judicial Circuit, 2nd Division","Michael PATE","",8297,35.94,64475,32526,3,3,"0","0"
254,"Circuit Judge, 13th Judicial Circuit, 1st Division","Hunter DAUGHERTY","",14371,100.00,48219,22907,2,2,"0","0"
255,"Circuit Judge Family Court, 13th Judicial Circuit, 2nd Division","Jackie HORN","",9151,48.07,48219,22907,2,2,"0","0"
256,"Circuit Judge Family Court, 13th Judicial Circuit, 2nd Division","Jeff MOSS","",9887,51.93,48219,22907,2,2,"0","0"
257,"Circuit Judge, 14th Judicial Circuit, 1st Division","Robert G. "Rob" JOHNSON","",20565,100.00,68222,34346,3,3,"0","0"
258,"Circuit Judge, 14th Judicial Circuit, 2nd Division","Paul F. ISAACS","",17713,72.17,68222,34346,3,3,"0","0"
259,"Circuit Judge, 14th Judicial Circuit, 2nd Division","Ethyle NOEL","",6831,27.83,68222,34346,3,3,"0","0"
260,"Circuit Judge Family Court, 14th Judicial Circuit, 3rd Division","Lisa Hart MORGAN","",15691,57.01,68222,34346,3,3,"0","0"
261,"Circuit Judge Family Court, 14th Judicial Circuit, 3rd Division","Tamra GORMLEY","",11832,42.99,68222,34346,3,3,"0","0"
262,"Circuit Judge, 15th Judicial Circuit","R. Leslie KNIGHT","",6743,56.34,32148,14185,3,3,"0","0"
263,"Circuit Judge, 15th Judicial Circuit","John Brent THRELKELD","",5225,43.66,32148,14185,3,3,"0","0"
264,"Circuit Judge, 16th Judicial Circuit, 1st Division","Kathy LAPE","",21995,58.53,119973,46962,1,1,"0","0"
265,"Circuit Judge, 16th Judicial Circuit, 1st Division","James T. REDWINE","",15586,41.47,119973,46962,1,1,"0","0"
266,"Circuit Judge Family Court, 16th Judicial Circuit, 2nd Division","Carl E. KNOCHELMANN JR.","",17378,48.65,119973,46962,1,1,"0","0"
267,"Circuit Judge Family Court, 16th Judicial Circuit, 2nd Division","Chris MEHLING","",18343,51.35,119973,46962,1,1,"0","0"
268,"Circuit Judge, 16th Judicial Circuit, 3rd Division","Gregory M. BARTLETT","",28669,100.00,119973,46962,1,1,"0","0"
269,"Circuit Judge, 16th Judicial Circuit, 4th Division","Patricia M. SUMME","",31269,100.00,119973,46962,1,1,"0","0"
270,"Circuit Judge Family Court, 16th Judicial Circuit, 5th Division","Lisa Osborne BUSHELMAN","",19903,54.62,119973,46962,1,1,"0","0"
271,"Circuit Judge Family Court, 16th Judicial Circuit, 5th Division","Stephanie A. DIETZ","",16534,45.38,119973,46962,1,1,"0","0"
272,"Circuit Judge, 17th Judicial Circuit, 1st Division","Julie Reinhardt WARD","",19987,100.00,66924,30030,1,1,"0","0"
273,"Circuit Judge, 17th Judicial Circuit, 2nd Division","Fred A. STINE V.","",20509,100.00,66924,30030,1,1,"0","0"
274,"Circuit Judge Family Court, 17th Judicial Circuit, 3rd Division","Richard A. WOESTE","",19815,100.00,66924,30030,1,1,"0","0"
275,"Circuit Judge, 18th Judicial Circuit, 1st Division","Jay DELANEY","",9126,100.00,30336,13513,4,4,"0","0"
276,"Circuit Judge Family Court, 18th Judicial Circuit, 2nd Division","Heather FRYMAN","",8021,71.08,30336,13513,4,4,"0","0"
277,"Circuit Judge Family Court, 18th Judicial Circuit, 2nd Division","Sam W. ARNOLD III.","",3264,28.92,30336,13513,4,4,"0","0"
278,"Circuit Judge, 19th Judicial Circuit","Stockton B. WOOD","",8891,100.00,29182,13429,3,3,"0","0"
279,"Circuit Judge, 20th Judicial Circuit, 1st Division","Robert B. CONLEY","",9529,100.00,38514,15535,2,2,"0","0"
280,"Circuit Judge Family Court, 20th Judicial Circuit, 2nd Division","Jeffrey L. PRESTON","",9008,100.00,38514,15535,2,2,"0","0"
281,"Circuit Judge, 21st Judicial Circuit, 1st Division","William E. "Bill" LANE","",14825,100.00,48302,23335,4,4,"0","0"
282,"Circuit Judge, 21st Judicial Circuit, 2nd Division","Beth Lewis MAZE","",13990,100.00,48302,23335,4,4,"0","0"
283,"Circuit Judge Family Court, 22nd Judicial Circuit, 1st Division","Tim PHILPOT","",55163,100.00,208882,98497,1,1,"0","0"
284,"Circuit Judge Family Court, 22nd Judicial Circuit, 2nd Division","John SCHRADER","",29450,44.29,208882,98497,1,1,"0","0"
285,"Circuit Judge Family Court, 22nd Judicial Circuit, 2nd Division","Traci H. BOYD","",37047,55.71,208882,98497,1,1,"0","0"
286,"Circuit Judge, 22nd Judicial Circuit, 3rd Division","James "Jim" ISHMAEL JR.","",53509,100.00,208882,98497,1,1,"0","0"
287,"Circuit Judge, 22nd Judicial Circuit, 4th Division","Pamela R. GOODWINE","",57096,100.00,208882,98497,1,1,"0","0"
288,"Circuit Judge Family Court, 22nd Judicial Circuit, 5th Division","Lucinda MASTERTON","",51051,100.00,208882,98497,1,1,"0","0"
289,"Circuit Judge Family Court, 22nd Judicial Circuit, 6th Division","Kathy W. STEIN","",43639,62.45,208882,98497,1,1,"0","0"
290,"Circuit Judge Family Court, 22nd Judicial Circuit, 6th Division","Jennifer McVay MARTIN","",26239,37.55,208882,98497,1,1,"0","0"
291,"Circuit Judge, 22nd Judicial Circuit, 7th Division","Ernesto SCORSONE","",55437,100.00,208882,98497,1,1,"0","0"
292,"Circuit Judge, 22nd Judicial Circuit, 8th Division","Thomas L. CLARK","",52990,100.00,208882,98497,1,1,"0","0"
293,"Circuit Judge, 22nd Judicial Circuit, 9th Division","Kimberly N. BUNNELL","",51812,100.00,208882,98497,1,1,"0","0"
294,"Circuit Judge, 23rd Judicial Circuit","Michael DEAN","",4692,57.55,19457,9851,3,3,"0","0"
295,"Circuit Judge, 23rd Judicial Circuit","Heather COMBS","",3461,42.45,19457,9851,3,3,"0","0"
296,"Circuit Judge Family Court, 24th Judicial Circuit, 1st Division","Janie McKENZIE-WELLS","",11063,100.00,37912,18036,3,3,"0","3088"
297,"Circuit Judge, 24th Judicial Circuit, 2nd Division","John David PRESTON","",11841,100.00,37912,18036,3,3,"0","2817"
298,"Circuit Judge, 25th Judicial Circuit, 1st Division","William "Bill" CLOUSE","",24969,100.00,85722,39745,2,2,"0","0"
299,"Circuit Judge, 25th Judicial Circuit, 2nd Division","Jean Chenault LOGUE","",24316,100.00,85722,39745,2,2,"0","0"
300,"Circuit Judge Family Court, 25th Judicial Circuit, 3rd Division","Nora J. SHEPHERD","",23572,100.00,85722,39745,2,2,"0","0"
301,"Circuit Judge Family Court, 25th Judicial Circuit, 4th Division","Jeffrey M. WALSON","",23525,100.00,85722,39745,2,2,"0","0"
302,"Circuit Judge, 26th Judicial Circuit","Kent HENDRICKSON","",4361,51.05,20421,9435,1,1,"0","0"
303,"Circuit Judge, 26th Judicial Circuit","Henry S. JOHNSON","",4182,48.95,20421,9435,1,1,"0","0"
304,"Circuit Judge, 27th Judicial Circuit, 1st Division","Greg LAY","",18473,100.00,67547,28415,2,2,"0","0"
305,"Circuit Judge, 27th Judicial Circuit, 2nd Division","Tom JENSEN","",17751,100.00,67547,28415,2,2,"0","0"
306,"Circuit Judge Family Court, 27th Judicial Circuit, 3rd Division","Marilyn Benge MCGHEE","",11498,47.23,67547,28415,2,2,"0","0"
307,"Circuit Judge Family Court, 27th Judicial Circuit, 3rd Division","Stephen M. JONES","",12845,52.77,67547,28415,2,2,"0","0"
308,"Circuit Judge, 28th Judicial Circuit, 1st Division","David A. TAPP","",22758,100.00,75247,34021,3,3,"0","0"
309,"Circuit Judge, 28th Judicial Circuit, 2nd Division","Jeffrey Thomas BURDETTE","",22386,100.00,75247,34021,3,3,"0","0"
310,"Circuit Judge Family Court, 28th Judicial Circuit, 3rd Division","Marcus L. VANOVER","",16652,62.90,75247,34021,3,3,"0","0"
311,"Circuit Judge Family Court, 28th Judicial Circuit, 3rd Division","Bruce Wayne SINGLETON","",9821,37.10,75247,34021,3,3,"0","0"
312,"Circuit Judge, 29th Judicial Circuit","Judy D. VANCE","",8303,100.00,23910,12609,2,2,"0","0"
313,"Circuit Judge, 30th Judicial Circuit, 1st Division","Barry WILLETT","",99524,62.08,0,259804,1,1,"0","0"
314,"Circuit Judge, 30th Judicial Circuit, 1st Division","Stuart PEARLMAN","",60796,37.92,0,259804,1,1,"0","0"
315,"Circuit Judge, 30th Judicial Circuit, 2nd Division","James M. "Jim" SHAKE","",139624,100.00,0,259804,1,1,"0","0"
316,"Circuit Judge, 30th Judicial Circuit, 3rd Division","Mitch PERRY","",129106,100.00,0,259804,1,1,"0","0"
317,"Circuit Judge, 30th Judicial Circuit, 4th Division","Charles L. CUNNINGHAM JR.","",128755,100.00,0,259804,1,1,"0","0"
318,"Circuit Judge, 30th Judicial Circuit, 5th Division","Mary M. SHAW","",129007,100.00,0,259804,1,1,"0","0"
319,"Circuit Judge, 30th Judicial Circuit, 6th Division","Olu A. STEVENS","",127906,100.00,0,259804,1,1,"0","0"
320,"Circuit Judge, 30th Judicial Circuit, 7th Division","Audra Jean ECKERLE","",130138,100.00,0,259804,1,1,"0","0"
321,"Circuit Judge, 30th Judicial Circuit, 8th Division","McKay CHAUVIN","",126323,100.00,0,259804,1,1,"0","0"
322,"Circuit Judge, 30th Judicial Circuit, 9th Division","Judith McDONALD-BURKMAN","",129058,100.00,0,259804,1,1,"0","0"
323,"Circuit Judge, 30th Judicial Circuit, 10th Division","Angela McCormick BISIG","",135850,100.00,0,259804,1,1,"0","0"
324,"Circuit Judge, 30th Judicial Circuit, 11th Division","Brian C. EDWARDS","",125126,100.00,0,259804,1,1,"0","0"
325,"Circuit Judge, 30th Judicial Circuit, 12th Division","Susan Schultz GIBSON","",126183,100.00,0,259804,1,1,"0","0"
326,"Circuit Judge, 30th Judicial Circuit, 13th Division","Sandy BERMAN","",63322,38.98,0,259804,1,1,"0","0"
327,"Circuit Judge, 30th Judicial Circuit, 13th Division","Ann Bailey SMITH","",99110,61.02,0,259804,1,1,"0","0"
328,"Circuit Judge Family Court, 30th Judicial Circuit, 1st Division","Angela JOHNSON","",91172,57.01,0,259804,1,1,"0","0"
329,"Circuit Judge Family Court, 30th Judicial Circuit, 1st Division","Lauren Adams OGDEN","",68764,42.99,0,259804,1,1,"0","0"
330,"Circuit Judge Family Court, 30th Judicial Circuit, 2nd Division","Hugh Smith HAYNIE","",125871,100.00,0,259804,1,1,"0","0"
331,"Circuit Judge Family Court, 30th Judicial Circuit, 3rd Division","Ellie Garcia KERSTETTER","",45512,28.01,0,259804,1,1,"0","0"
332,"Circuit Judge Family Court, 30th Judicial Circuit, 3rd Division","Deborah DEWEESE","",116962,71.99,0,259804,1,1,"0","0"
333,"Circuit Judge Family Court, 30th Judicial Circuit, 4th Division","Dolly Wisman BERRY","",123799,100.00,0,259804,1,1,"0","0"
334,"Circuit Judge Family Court, 30th Judicial Circuit, 5th Division","Stuart A. SCHERER","",45416,28.43,0,259804,1,1,"0","0"
335,"Circuit Judge Family Court, 30th Judicial Circuit, 5th Division","Tara HAGERTY","",114325,71.57,0,259804,1,1,"0","0"
336,"Circuit Judge Family Court, 30th Judicial Circuit, 6th Division","A. Christine WARD","",111243,67.43,0,259804,1,1,"0","0"
337,"Circuit Judge Family Court, 30th Judicial Circuit, 6th Division","Stephanie L. MORGAN-WHITE","",53739,32.57,0,259804,1,1,"0","0"
338,"Circuit Judge Family Court, 30th Judicial Circuit, 7th Division","Denise BROWN","",100511,60.53,0,259804,1,1,"0","0"
339,"Circuit Judge Family Court, 30th Judicial Circuit, 7th Division","Dennis BURKE","",65550,39.47,0,259804,1,1,"0","0"
340,"Circuit Judge Family Court, 30th Judicial Circuit, 8th Division","Mark Hyatt GASTON SR","",48362,30.22,0,259804,1,1,"0","0"
341,"Circuit Judge Family Court, 30th Judicial Circuit, 8th Division","Deana "Dee" McDONALD","",111683,69.78,0,259804,1,1,"0","0"
342,"Circuit Judge Family Court, 30th Judicial Circuit, 9th Division","Stephen M. GEORGE","",123270,100.00,0,259804,1,1,"0","0"
343,"Circuit Judge Family Court, 30th Judicial Circuit, 10th Division","Paula F. SHERLOCK","",123091,100.00,0,259804,1,1,"0","0"
344,"Circuit Judge, 31st Judicial Circuit, 1st Division","Johnny Ray HARRIS","",9585,100.00,30361,13693,1,1,"0","4098"
345,"Circuit Judge, 31st Judicial Circuit, 2nd Division","Thomas M. SMITH","",6435,50.28,30361,13693,1,1,"0","894"
346,"Circuit Judge, 31st Judicial Circuit, 2nd Division","Ashley Tackett LAFERTY","",6363,49.72,30361,13693,1,1,"0","894"
347,"Circuit Judge Family Court, 31st Judicial Circuit, 3rd Division","Dwight Stacy MARSHALL","",8790,100.00,30361,13693,1,1,"0","4887"
348,"Circuit Judge, 32nd Judicial Circuit, 1st Division","George W. DAVIS III.","",9158,69.11,37372,14898,1,1,"0","0"
349,"Circuit Judge, 32nd Judicial Circuit, 1st Division","Marc I. ROSEN","",4093,30.89,37372,14898,1,1,"0","0"
350,"Circuit Judge, 32nd Judicial Circuit, 2nd Division","C. David HAGERMAN","",10711,100.00,37372,14898,1,1,"0","0"
351,"Circuit Judge, 33rd Judicial Circuit","Alison C. WELLS","",4925,52.97,20791,9971,1,1,"0","0"
352,"Circuit Judge, 33rd Judicial Circuit","Scott BLAIR","",4373,47.03,20791,9971,1,1,"0","0"
353,"Circuit Judge, 34th Judicial Circuit, 1st Division","Dan BALLOU","",10561,100.00,37562,15028,2,2,"0","0"
354,"Circuit Judge, 34th Judicial Circuit, 2nd Division","Paul K. WINCHESTER","",9752,100.00,37562,15028,2,2,"0","0"
355,"Circuit Judge, 35th Judicial Circuit, 1st Division","Eddy COLEMAN","",12331,100.00,48110,19435,1,1,"0","0"
356,"Circuit Judge, 35th Judicial Circuit, 2nd Division","Steven D. COMBS","",11589,100.00,48110,19435,1,1,"0","0"
357,"Circuit Judge Family Court, 35th Judicial Circuit, 3rd Division","Larry E. THOMPSON","",11680,100.00,48110,19435,1,1,"0","0"
358,"Circuit Judge, 36th Judicial Circuit","Kim Cornett CHILDERS","",6330,100.00,21954,10960,2,2,"0","0"
359,"Circuit Judge, 37th Judicial Circuit, 1st Division","Rebecca K. PHILLIPS","",10289,100.00,33530,15649,3,3,"0","0"
360,"Circuit Judge Family Court, 37th Judicial Circuit, 2nd Division","David D. FLATT","",9467,100.00,33530,15649,3,3,"0","0"
361,"Circuit Judge, 38th Judicial Circuit, 1st Division","Ronnie C. DORTCH","",12358,100.00,41337,21463,4,4,"0","0"
362,"Circuit Judge Family Court, 38th Judicial Circuit, 2nd Division","Michael Lee McKOWN","",11650,100.00,41337,21463,4,4,"0","0"
363,"Circuit Judge, 39th Judicial Circuit, 1st Division","Frank Allen FLETCHER","",7925,100.00,26920,11782,3,3,"0","0"
364,"Circuit Judge Family Court, 39th Judicial Circuit, 2nd Division","Samuel Bruce HERALD","",5355,49.33,26920,11782,3,3,"0","0"
365,"Circuit Judge Family Court, 39th Judicial Circuit, 2nd Division","Larry MILLER","",5500,50.67,26920,11782,3,3,"0","0"
366,"Circuit Judge, 40th Judicial Circuit","Steve D. HURT","",5463,46.86,21375,12529,3,3,"0","0"
367,"Circuit Judge, 40th Judicial Circuit","David L. WILLIAMS","",6194,53.14,21375,12529,3,3,"0","0"
368,"Circuit Judge, 41st Judicial Circuit, 1st Division","Oscar Gayle HOUSE","",10138,100.00,33356,15669,3,3,"0","0"
369,"Circuit Judge Family Court, 41st Judicial Circuit, 2nd Division","Gene CLARK","",9457,100.00,33356,15669,3,3,"0","0"
370,"Circuit Judge, 42nd Judicial Circuit, 1st Division","Dennis R. FOUST","",17557,100.00,51964,25994,2,2,"0","0"
371,"Circuit Judge Family Court, 42nd Judicial Circuit, 2nd Division","Rob MATTINGLY","",16335,100.00,51964,25994,2,2,"0","0"
372,"Circuit Judge, 43rd Judicial Circuit, 1st Division","Phillip R. PATTON","",11705,100.00,36997,18417,2,2,"0","0"
373,"Circuit Judge Family Court, 43rd Judicial Circuit, 2nd Division","Mitchell NANCE","",11522,100.00,36997,18417,2,2,"0","0"
374,"Circuit Judge, 44th Judicial Circuit","Robert V. "Bob" COSTANZO","",6082,100.00,20545,8812,1,1,"0","0"
375,"Circuit Judge, 45th Judicial Circuit","Brian WIGGINS","",8988,100.00,29239,13694,2,2,"0","0"
376,"Circuit Judge, 46th Judicial Circuit, 1st Division","Bruce BUTLER","",15012,100.00,52575,24774,3,3,"0","0"
377,"Circuit Judge, 46th Judicial Circuit, 2nd Division","Robert A. MILLER","",14478,100.00,52575,24774,3,3,"0","0"
378,"Circuit Judge, 47th Judicial Circuit","Samuel T. WRIGHT III.","",5648,100.00,16435,7925,1,1,"0","0"
379,"Circuit Judge, 48th Judicial Circuit, 1st Division","Phillip J. SHEPHERD","",13037,100.00,35422,19973,1,1,"0","0"
380,"Circuit Judge, 48th Judicial Circuit, 2nd Division","Thomas D. WINGATE","",13739,100.00,35422,19973,1,1,"0","0"
381,"Circuit Judge Family Court, 48th Judicial Circuit, 3rd Division","Squire "Will" WILLIAMS","",13002,100.00,35422,19973,1,1,"0","0"
382,"Circuit Judge, 49th Judicial Circuit, 1st Division","Janet CROCKER","",7596,100.00,12866,11627,2,2,"0","0"
383,"Circuit Judge Family Court, 49th Judicial Circuit, 2nd Division","Sid BRODERSON","",7375,100.00,12866,11627,2,2,"0","0"
384,"Circuit Judge, 50th Judicial Circuit, 1st Division","Darren W. PECKLER","",11027,100.00,37696,17740,2,2,"0","0"
385,"Circuit Judge Family Court, 50th Judicial Circuit, 2nd Division","Bruce PETRIE","",10670,100.00,37696,17740,2,2,"0","0"
386,"Circuit Judge, 51st Judicial Circuit, 1st Division","Karen L. WILSON","",9183,100.00,32891,14065,1,1,"0","0"
387,"Circuit Judge Family Court, 51st Judicial Circuit, 2nd Division","Sheila Nunley FARRIS","",9110,100.00,32891,14065,1,1,"0","0"
388,"Circuit Judge, 52nd Judicial Circuit","Timothy C. STARK","",8156,100.00,24533,13277,1,1,"0","0"
389,"Circuit Judge, 53rd Judicial Circuit, 1st Division","Charles R. HICKMAN","",18834,100.00,59506,31762,3,3,"0","0"
390,"Circuit Judge Family Court, 53rd Judicial Circuit, 2nd Division","Marie HELLARD","",15963,63.10,59506,31762,3,3,"0","0"
391,"Circuit Judge Family Court, 53rd Judicial Circuit, 2nd Division","John David MYLES","",9335,36.90,59506,31762,3,3,"0","0"
392,"Circuit Judge, 54th Judicial Circuit, 1st Division","Marcia THOMAS","",12599,43.15,97874,37216,2,2,"0","0"
393,"Circuit Judge, 54th Judicial Circuit, 1st Division","Rick BRUEGGEMANN","",16601,56.85,97874,37216,2,2,"0","0"
394,"Circuit Judge Family Court, 54th Judicial Circuit, 2nd Division","Linda Rae BRAMLAGE","",23638,100.00,97874,37216,2,2,"0","0"
395,"Circuit Judge, 54th Judicial Circuit, 3rd Division","J.R. SCHRAND","",24319,100.00,97874,37216,2,2,"0","0"
396,"Circuit Judge, 55th Judicial Circuit, 1st Division","Rodney BURRESS","",14895,100.00,55370,24619,1,1,"0","0"
397,"Circuit Judge Family Court, 55th Judicial Circuit, 2nd Division","Elise Givhan SPAINHOUR","",14904,100.00,55370,24619,1,1,"0","0"
398,"Circuit Judge, 56th Judicial Circuit","C. A. WOODALL III.","",12199,100.00,34894,18095,4,4,"0","0"
399,"Circuit Judge, 57th Judicial Circuit, 1st Division","Vernon MINIARD JR.","",8720,100.00,27852,14144,2,2,"0","0"
400,"Circuit Judge Family Court, 57th Judicial Circuit, 2nd Division","Jennifer Upchurch EDWARDS","",7220,61.08,27852,14144,2,2,"0","0"
401,"Circuit Judge Family Court, 57th Judicial Circuit, 2nd Division","Matthew B. DeHART","",4601,38.92,27852,14144,2,2,"0","0"
402,"District Judge, 1st Judicial District","Hunter B. WHITESELL II.","",2963,100.00,8911,3930,2,2,"0","0"
403,"District Judge, 2nd Judicial District, 1st Division","W. A. "Tony" KITCHEN","",15328,100.00,50861,24066,1,1,"0","0"
404,"District Judge, 2nd Judicial District, 2nd Division","Craig F. NEWBERN JR.","",6593,34.67,50861,24066,1,1,"0","0"
405,"District Judge, 2nd Judicial District, 2nd Division","Chris HOLLOWELL","",12421,65.33,50861,24066,1,1,"0","0"
406,"District Judge, 3rd Judicial District, 1st Division","James G. ADAMS JR.","",9981,100.00,45782,15467,1,1,"0","0"
407,"District Judge, 3rd Judicial District, 2nd Division","Richard BOLING","",5033,37.26,45782,15467,1,1,"0","0"
408,"District Judge, 3rd Judicial District, 2nd Division","J. Foster COTTHOFF","",8474,62.74,45782,15467,1,1,"0","0"
409,"District Judge, 4th Judicial District, 1st Division","David G. MASSAMORE","",9335,100.00,32708,16155,1,1,"0","0"
410,"District Judge, 4th Judicial District, 2nd Division","Bill WHITLEDGE","",9645,69.63,32708,16155,1,1,"0","0"
411,"District Judge, 4th Judicial District, 2nd Division","Karey Roy DEARDORFF","",4206,30.37,32708,16155,1,1,"0","0"
412,"District Judge, 5th Judicial District","Daniel M. HEADY","",9495,100.00,26244,13204,3,3,"0","0"
413,"District Judge, 6th Judicial District, 1st Division","Lisa Payne JONES","",20785,100.00,69459,32966,1,1,"0","0"
414,"District Judge, 6th Judicial District, 2nd Division","David C. PAYNE","",20044,100.00,69459,32966,1,1,"0","0"
415,"District Judge, 6th Judicial District, 3rd Division","Daniel M. "Nick" BURLEW","",19389,100.00,69459,32966,1,1,"0","0"
416,"District Judge, 7th Judicial District","Kenneth R. WILLIAMS JR.","",7002,75.44,25303,11611,2,2,"0","0"
417,"District Judge, 7th Judicial District","Nancy E. CALLOWAY","",2279,24.56,25303,11611,2,2,"0","0"
418,"District Judge, 8th Judicial District, 1st Division","Sam C. POTTER","",23533,100.00,74822,33494,1,1,"0","0"
419,"District Judge, 8th Judicial District, 2nd Division","Brent J. POTTER","",23012,100.00,74822,33494,1,1,"0","0"
420,"District Judge, 8th Judicial District, 3rd Division","John B. BROWN","",21648,100.00,74822,33494,1,1,"0","0"
421,"District Judge, 9th Judicial District, 1st Division","John David SIMCOE","",20624,100.00,73587,30896,1,1,"0","0"
422,"District Judge, 9th Judicial District, 2nd Division","Kim Winkenhofer SHUMATE","",21058,100.00,73587,30896,1,1,"0","0"
423,"District Judge, 10th Judicial District","C. Derek REED","",6140,100.00,23081,10712,2,2,"0","0"
424,"District Judge, 11th Judicial District, 1st Division","Amy Sullivan ANDERSON","",15833,100.00,47620,25489,4,4,"0","0"
425,"District Judge, 11th Judicial District, 2nd Division","Connie Sullivan PHILLIPS","",15831,100.00,47620,25489,4,4,"0","0"
426,"District Judge, 12th Judicial District, 1st Division","Diana E. WHEELER","",19420,100.00,64475,32526,3,3,"0","0"
427,"District Judge, 12th Judicial District, 2nd Division","Jerry D. CROSBY","",19269,100.00,64475,32526,3,3,"0","0"
428,"District Judge, 13th Judicial District, 1st Division","Bill OLIVER","",18346,100.00,65819,30040,3,3,"0","0"
429,"District Judge, 13th Judicial District, 2nd Division","Janet C. BOOTH","",18464,100.00,65819,30040,3,3,"0","0"
430,"District Judge, 14th Judicial District, 1st Division","Mary Jane Wilhoit PHELPS","",20787,100.00,68222,34346,3,3,"0","0"
431,"District Judge, 14th Judicial District, 2nd Division","Vanessa Mullins DICKSON","",15093,61.34,68222,34346,3,3,"0","0"
432,"District Judge, 14th Judicial District, 2nd Division","Chad WELLS","",9511,38.66,68222,34346,3,3,"0","0"
433,"District Judge, 15th Judicial District, 1st Division","Elizabeth A. CHANDLER","",10103,100.00,32148,14185,3,3,"0","0"
434,"District Judge, 15th Judicial District, 2nd Division","Thomas M. FUNK","",9374,100.00,32148,14185,3,3,"0","0"
435,"District Judge, 16th Judicial District, 1st Division","Christopher S. NORDLOH","",16018,43.65,119973,46962,1,1,"0","0"
436,"District Judge, 16th Judicial District, 1st Division","Ann RUTTLE","",20678,56.35,119973,46962,1,1,"0","0"
437,"District Judge, 16th Judicial District, 2nd Division","Kenneth L. EASTERLING","",27423,100.00,119973,46962,1,1,"0","0"
438,"District Judge, 16th Judicial District, 3rd Division","Douglas J. GROTHAUS","",27357,100.00,119973,46962,1,1,"0","0"
439,"District Judge, 17th Judicial District, 1st Division","Cameron J. BLAU","",9767,38.56,66924,30030,1,1,"0","0"
440,"District Judge, 17th Judicial District, 1st Division","Gregory T. POPOVICH","",15565,61.44,66924,30030,1,1,"0","0"
441,"District Judge, 17th Judicial District, 2nd Division","Karen A. THOMAS","",18920,100.00,66924,30030,1,1,"0","0"
442,"District Judge, 18th Judicial District","Charles W. KUSTER Jr.","",8945,100.00,30336,13513,4,4,"0","0"
443,"District Judge, 19th Judicial District","Steven Royse ZWEIGART","",5079,45.14,29182,13429,3,3,"0","0"
444,"District Judge, 19th Judicial District","Frank H. McCARTNEY","",6173,54.86,29182,13429,3,3,"0","0"
445,"District Judge, 20th Judicial District","Brian C. McCLOUD","",9473,100.00,38514,15535,2,2,"0","0"
446,"District Judge, 21st Judicial District, 1st Division","William "Willie" ROBERTS","",14283,100.00,48302,23335,4,4,"0","0"
447,"District Judge, 21st Judicial District, 2nd Division","Don BLAIR","",14064,100.00,48302,23335,4,4,"0","0"
448,"District Judge, 22nd Judicial District, 1st Division","Joseph T. BOUVIER","",49280,100.00,208882,98497,1,1,"0","0"
449,"District Judge, 22nd Judicial District, 2nd Division","T. Bruce BELL","",50165,100.00,208882,98497,1,1,"0","0"
450,"District Judge, 22nd Judicial District, 3rd Division","Kim WILKIE","",51310,100.00,208882,98497,1,1,"0","0"
451,"District Judge, 22nd Judicial District, 4th Division","Julie Muth GOODMAN","",50353,100.00,208882,98497,1,1,"0","0"
452,"District Judge, 22nd Judicial District, 5th Division","Megan Lake THORNTON","",50592,100.00,208882,98497,1,1,"0","0"
453,"District Judge, 23rd Judicial District","William "Bo" LEACH","",6447,100.00,19457,9851,3,3,"0","0"
454,"District Judge, 24th Judicial District, 1st Division","Paul L. PACK","",7555,49.76,37912,18036,3,3,"0","876"
455,"District Judge, 24th Judicial District, 1st Division","John T. CHAFIN","",7627,50.24,37912,18036,3,3,"0","876"
456,"District Judge, 24th Judicial District, 2nd Division","John Kevin HOLBROOK","",12188,100.00,37912,18036,3,3,"0","2386"
457,"District Judge, 25th Judicial District, 1st Division","Charles W. "Chuck" HARDIN","",22922,100.00,85722,39745,2,2,"0","0"
458,"District Judge, 25th Judicial District, 2nd Division","Brandy Oliver BROWN","",24408,100.00,85722,39745,2,2,"0","0"
459,"District Judge, 25th Judicial District, 3rd Division","Earl-Ray NEAL","",24074,100.00,85722,39745,2,2,"0","0"
460,"District Judge, 26th Judicial District","Jeffrey J. BROCK","",7356,100.00,20421,9435,1,1,"0","0"
461,"District Judge, 27th Judicial District, 1st Division","W. "Skip" HAMMONS","",19052,100.00,67547,28415,2,2,"0","0"
462,"District Judge, 27th Judicial District, 2nd Division","John Paul CHAPPELL","",17875,100.00,67547,28415,2,2,"0","0"
463,"District Judge, 28th Judicial District, 1st Division","Jeffrey Scott LAWLESS","",17339,100.00,57647,26888,2,2,"0","0"
464,"District Judge, 28th Judicial District, 2nd Division","Katie Gregory WOOD","",19003,100.00,57647,26888,2,2,"0","0"
465,"District Judge, 29th Judicial District","Michael LOY","",8317,100.00,23910,12609,2,2,"0","0"
466,"District Judge, 30th Judicial District, 1st Division","Annette KAREM","",93681,58.37,0,259804,1,1,"0","0"
467,"District Judge, 30th Judicial District, 1st Division","Nichole Taylor COMPTON","",66818,41.63,0,259804,1,1,"0","0"
468,"District Judge, 30th Judicial District, 2nd Division","Josh P. SCHNEIDER","",70147,44.11,0,259804,1,1,"0","0"
469,"District Judge, 30th Judicial District, 2nd Division","Amber B. WOLF","",88883,55.89,0,259804,1,1,"0","0"
470,"District Judge, 30th Judicial District, 3rd Division","Sandra L. McLAUGHLIN","",92319,56.05,0,259804,1,1,"0","0"
471,"District Judge, 30th Judicial District, 3rd Division","Matthew K. ECKERT","",72375,43.95,0,259804,1,1,"0","0"
472,"District Judge, 30th Judicial District, 4th Division","Michele B. STENGEL","",126752,100.00,0,259804,1,1,"0","0"
473,"District Judge, 30th Judicial District, 5th Division","Donald E. ARMSTRONG JR.","",75696,45.37,0,259804,1,1,"0","0"
474,"District Judge, 30th Judicial District, 5th Division","Jennifer LEIBSON","",91149,54.63,0,259804,1,1,"0","0"
475,"District Judge, 30th Judicial District, 6th Division","Sean R. DELAHANTY","",128923,100.00,0,259804,1,1,"0","0"
476,"District Judge, 30th Judicial District, 7th Division","Jennifer Bryant WILCOX","",124470,100.00,0,259804,1,1,"0","0"
477,"District Judge, 30th Judicial District, 8th Division","Josephine Layne BUCKNER","",77480,48.36,0,259804,1,1,"0","0"
478,"District Judge, 30th Judicial District, 8th Division","David P. BOWLES","",82748,51.64,0,259804,1,1,"0","0"
479,"District Judge, 30th Judicial District, 9th Division","David HOLTON","",124465,100.00,0,259804,1,1,"0","0"
480,"District Judge, 30th Judicial District, 10th Division","Sheila A. COLLINS","",123644,100.00,0,259804,1,1,"0","0"
481,"District Judge, 30th Judicial District, 11th Division","Gina Kay CALVERT","",85023,54.03,0,259804,1,1,"0","0"
482,"District Judge, 30th Judicial District, 11th Division","Susan JONES","",72340,45.97,0,259804,1,1,"0","0"
483,"District Judge, 30th Judicial District, 12th Division","Eric HANER","",92011,56.54,0,259804,1,1,"0","0"
484,"District Judge, 30th Judicial District, 12th Division","James Michael GREEN","",70726,43.46,0,259804,1,1,"0","0"
485,"District Judge, 30th Judicial District, 13th Division","Ann Schiavone DYKE","",70600,41.65,0,259804,1,1,"0","0"
486,"District Judge, 30th Judicial District, 13th Division","Anne DELAHANTY","",98896,58.35,0,259804,1,1,"0","0"
487,"District Judge, 30th Judicial District, 14th Division","Stephanie Pearce BURKE","",106976,65.48,0,259804,1,1,"0","0"
488,"District Judge, 30th Judicial District, 14th Division","Andre L. BERGERON","",56397,34.52,0,259804,1,1,"0","0"
489,"District Judge, 30th Judicial District, 15th Division","Anne HAYNIE","",125784,100.00,0,259804,1,1,"0","0"
490,"District Judge, 30th Judicial District, 16th Division","Claudia Ann SMITH","",70391,38.77,0,259804,1,1,"0","0"
491,"District Judge, 30th Judicial District, 16th Division","Katie KING","",111180,61.23,0,259804,1,1,"0","0"
492,"District Judge, 30th Judicial District, 17th Division","Dana Michelle COHEN","",72590,44.98,0,259804,1,1,"0","0"
493,"District Judge, 30th Judicial District, 17th Division","Erica Lee WILLIAMS","",88801,55.02,0,259804,1,1,"0","0"
494,"District Judge, 31st Judicial District, 1st Division","Jimmy "Blue" MARCUM","",9245,100.00,30361,13693,1,1,"0","4432"
495,"District Judge, 31st Judicial District, 2nd Division","Eric D. HALL","",9315,100.00,30361,13693,1,1,"0","4374"
496,"District Judge, 32nd Judicial District, 1st Division","Scott T. REESE","",9431,100.00,37372,14898,1,1,"0","0"
497,"District Judge, 32nd Judicial District, 2nd Division","Gerald B. REAMS JR.","",9991,100.00,37372,14898,1,1,"0","0"
498,"District Judge, 33rd Judicial District","Leigh Anne STEPHENS","",7492,100.00,20791,9971,1,1,"0","0"
499,"District Judge, 34th Judicial District, 1st Division","Cathy E. PREWITT","",9793,100.00,37562,15028,2,2,"0","0"
500,"District Judge, 34th Judicial District, 2nd Division","Fred F. WHITE","",9632,100.00,37562,15028,2,2,"0","0"
501,"District Judge, 35th Judicial District, 1st Division","Darrel H. MULLINS","",12497,100.00,48110,19435,1,1,"0","0"
502,"District Judge, 35th Judicial District, 2nd Division","Kelsey E. FRIEND Jr.","",12263,100.00,48110,19435,1,1,"0","0"
503,"District Judge, 36th Judicial District","Dennis PRATER","",7168,100.00,21954,10960,2,2,"0","0"
504,"District Judge, 37th Judicial District","John Preston THOMPSON","",3286,25.78,33530,15649,3,3,"0","0"
505,"District Judge, 37th Judicial District","Rupert WILHOIT","",9459,74.22,33530,15649,3,3,"0","0"
506,"District Judge, 38th Judicial District, 1st Division","Renona C. BROWNING","",12203,100.00,41337,21463,4,4,"0","0"
507,"District Judge, 38th Judicial District, 2nd Division","John M. McCARTY","",11877,100.00,41337,21463,4,4,"0","0"
508,"District Judge, 39th Judicial District","Kenny PROFITT","",8099,100.00,26920,11782,3,3,"0","0"
509,"District Judge, 40th Judicial District, 1st Division","Scarlett B. LATHAM","",11045,100.00,35320,18549,3,3,"0","0"
510,"District Judge, 40th Judicial District, 2nd Division","James M. "Mike" LAWSON","",10975,100.00,35320,18549,3,3,"0","0"
511,"District Judge, 41st Judicial District, 1st Division","Allen B. ROBERTS","",7839,58.45,33356,15669,3,3,"0","0"
512,"District Judge, 41st Judicial District, 1st Division","Monica RICE-SMITH","",5572,41.55,33356,15669,3,3,"0","0"
513,"District Judge, 41st Judicial District, 2nd Division","Henria BAILEY-LEWIS","",9572,100.00,33356,15669,3,3,"0","0"
514,"District Judge, 42nd Judicial District","Randall A. HUTCHENS","",8367,100.00,27577,12531,1,1,"0","0"
515,"District Judge, 43rd Judicial District","John T. ALEXANDER","",11369,100.00,36997,18417,2,2,"0","0"
516,"District Judge, 44th Judicial District","Robert "Robby" YOAKUM","",6068,100.00,20545,8812,1,1,"0","0"
517,"District Judge, 45th Judicial District","Brian CRICK","",8102,100.00,29239,13694,2,2,"0","0"
518,"District Judge, 46th Judicial District, 1st Division","Kenneth Harold GOFF II.","",15398,100.00,52575,24774,3,3,"0","0"
519,"District Judge, 46th Judicial District, 2nd Division","Shan F. EMBRY","",14992,100.00,52575,24774,3,3,"0","0"
520,"District Judge, 47th Judicial District","Kevin Russell MULLINS","",5317,100.00,16435,7925,1,1,"0","0"
521,"District Judge, 48th Judicial District, 1st Division","Kathy R. MANGEOT","",13333,100.00,35422,19973,1,1,"0","0"
522,"District Judge, 48th Judicial District, 2nd Division","Chris OLDS","",13333,100.00,35422,19973,1,1,"0","0"
523,"District Judge, 49th Judicial District","Martha Blair HARRISON","",7279,100.00,12866,11627,2,2,"0","0"
524,"District Judge, 50th Judicial District","Jeff L. DOTSON","",10430,100.00,37696,17740,2,2,"0","0"
525,"District Judge, 51st Judicial District, 1st Division","Rob WIEDERSTEIN","",9588,100.00,32891,14065,1,1,"0","0"
526,"District Judge, 51st Judicial District, 2nd Division","Charles R. McCOLLOM III.","",9440,100.00,32891,14065,1,1,"0","0"
527,"District Judge, 52nd Judicial District","Deborah Hawkins CROOKS","",8167,100.00,24533,13277,1,1,"0","0"
528,"District Judge, 53rd Judicial District, 1st Division","J. R. RoBARDS","",17370,100.00,59506,31762,3,3,"0","0"
529,"District Judge, 53rd Judicial District, 2nd Division","Donna DUTTON","",17204,73.14,59506,31762,3,3,"0","0"
530,"District Judge, 53rd Judicial District, 2nd Division","Emily FARRAR-CROCKETT","",6319,26.86,59506,31762,3,3,"0","0"
531,"District Judge, 54th Judicial District, 1st Division","Jeff S. SMITH","",23376,100.00,97874,37216,2,2,"0","0"
532,"District Judge, 54th Judicial District, 2nd Division","Charles T. MOORE","",23753,100.00,97874,37216,2,2,"0","0"
533,"District Judge, 55th Judicial District, 1st Division","Rebecca S. WARD","",15013,100.00,55370,24619,1,1,"0","0"
534,"District Judge, 55th Judicial District, 2nd Division","Jennifer E. PORTER","",15363,100.00,55370,24619,1,1,"0","0"
535,"District Judge, 56th Judicial District, 1st Division","James R. REDD III.","",12360,100.00,34894,18095,4,4,"0","0"
536,"District Judge, 56th Judicial District, 2nd Division","Jill CLARK","",11260,100.00,34894,18095,4,4,"0","0"
537,"District Judge, 57th Judicial District","John S. "Jack" KELLEY V.","",9934,100.00,31220,15141,1,1,"0","0"
538,"District Judge, 58th Judicial District","Jack M. TELLE","",9147,100.00,24387,13463,1,1,"0","0"
539,"District Judge, 59th Judicial District","Keith MYERS","",4085,100.00,10255,5886,2,2,"0","0"
540,"District Judge, 60th Judicial District","Stephen Howard POINDEXTER","",2297,30.07,13907,8124,2,2,"0","0"
541,"District Judge, 60th Judicial District","Kristi CASTILLO","",5342,69.93,13907,8124,2,2,"0","0"
